{
    "0.0": [
        9999999.0,
        1.0,
        0.0
    ],
    "5.161290322580645": [
        9999991.000032004,
        6.999974397625137,
        1.9999935991932305
    ],
    "10.32258064516129": [
        9999935.001860734,
        48.998521655282566,
        15.999617612155037
    ],
    "15.483870967741936": [
        9999543.093622373,
        342.9257036825123,
        113.98067394635824
    ],
    "20.64516129032258": [
        9996803.597786153,
        2397.3520911865776,
        799.0501226634702
    ],
    "25.806451612903224": [
        9977813.105466919,
        16630.80511009959,
        5556.089422984797
    ],
    "30.967741935483872": [
        9853021.178526616,
        109812.02461830252,
        37166.79685508518
    ],
    "36.12903225806451": [
        9211130.43838781,
        579399.8068820274,
        209469.75473016736
    ],
    "41.29032258064516": [
        7312545.286974922,
        1866508.0052595157,
        820946.7077655667
    ],
    "46.45161290322581": [
        4429960.511706923,
        3425972.623370109,
        2144066.864922973
    ],
    "51.61290322580645": [
        2091150.4251193297,
        3926631.6432921397,
        3982217.931588536
    ],
    "56.774193548387096": [
        957588.079650871,
        3262828.8623500504,
        5779583.057999084
    ],
    "61.935483870967744": [
        524323.1989371948,
        2304309.2219809713,
        7171367.579081839
    ],
    "67.09677419354838": [
        350205.8174041683,
        1521879.438415004,
        8127914.744180833
    ],
    "72.25806451612902": [
        270484.92353012867,
        976904.378148234,
        8752610.698321642
    ],
    "77.41935483870968": [
        229841.8059344691,
        618657.1209654678,
        9151501.073100068
    ],
    "82.58064516129032": [
        207548.24774112427,
        389029.11913395656,
        9403422.633124923
    ],
    "87.74193548387096": [
        194728.9991252987,
        243672.8703730341,
        9561598.13050167
    ],
    "92.90322580645162": [
        187134.3102885427,
        152279.47329322522,
        9660586.216418236
    ],
    "98.06451612903226": [
        182549.7713633712,
        95035.31511607238,
        9722414.913520562
    ],
    "103.2258064516129": [
        179749.6846067558,
        59261.25847493567,
        9760989.056918314
    ],
    "108.38709677419355": [
        178026.923554784,
        36934.96392653883,
        9785038.112518683
    ],
    "113.54838709677419": [
        176962.14225603087,
        23012.803394925977,
        9800025.05434905
    ],
    "118.70967741935483": [
        176302.1618602381,
        14335.666353589826,
        9809362.17178618
    ],
    "123.87096774193549": [
        175892.36246318184,
        8929.239329798953,
        9815178.398207027
    ],
    "129.03225806451613": [
        175637.62603509953,
        5561.332740345047,
        9818801.041224563
    ],
    "134.19354838709677": [
        175479.1697619457,
        3463.564662729978,
        9821057.265575333
    ],
    "139.3548387096774": [
        175380.56138247042,
        2157.025501218132,
        9822462.41311632
    ],
    "144.51612903225805": [
        175319.1803700609,
        1343.3201106586685,
        9823337.499519289
    ],
    "149.67741935483872": [
        175280.96602540291,
        836.563542121709,
        9823882.470432483
    ],
    "154.83870967741936": [
        175257.1722305188,
        520.9731611803871,
        9824221.854608309
    ],
    "160.0": [
        175242.3562980417,
        324.4366426897224,
        9824433.207059275
    ]
}